{
    "results": {
        "arc_challenge": {
            "acc": 0.27986348122866894,
            "acc_stderr": 0.013119040897725922,
            "acc_norm": 0.3054607508532423,
            "acc_norm_stderr": 0.013460080478002498
        },
        "arc_easy": {
            "acc": 0.5946969696969697,
            "acc_stderr": 0.010074093589739182,
            "acc_norm": 0.5324074074074074,
            "acc_norm_stderr": 0.010238210368801902
        },
        "boolq": {
            "acc": 0.6165137614678899,
            "acc_stderr": 0.008504304838837027
        },
        "copa": {
            "acc": 0.74,
            "acc_stderr": 0.04408440022768078
        },
        "headqa": {
            "acc": 0.26440554339897887,
            "acc_stderr": 0.008423643607316284,
            "acc_norm": 0.3099927060539752,
            "acc_norm_stderr": 0.008833810133604958
        },
        "hellaswag": {
            "acc": 0.41236805417247563,
            "acc_stderr": 0.004912547040132878,
            "acc_norm": 0.527185819557857,
            "acc_norm_stderr": 0.0049824003689396615
        },
        "lambada": {
            "ppl": 9.094305394880015,
            "ppl_stderr": 0.2651922806718523,
            "acc": 0.5181447700368718,
            "acc_stderr": 0.0069613892910728266
        },
        "logiqa": {
            "acc": 0.2073732718894009,
            "acc_stderr": 0.015902084913876333,
            "acc_norm": 0.29185867895545314,
            "acc_norm_stderr": 0.017831570553971925
        },
        "mathqa": {
            "acc": 0.24958123953098826,
            "acc_stderr": 0.007922429819042544,
            "acc_norm": 0.2492462311557789,
            "acc_norm_stderr": 0.007918877981680667
        },
        "mc_taco": {
            "em": 0.11936936936936937,
            "f1": 0.4957122298258418
        },
        "mrpc": {
            "acc": 0.5857843137254902,
            "acc_stderr": 0.02441658575130785,
            "f1": 0.6998223801065719,
            "f1_stderr": 0.021967079752819446
        },
        "multirc": {
            "acc": 0.012591815320041973,
            "acc_stderr": 0.0036138827653638874
        },
        "openbookqa": {
            "acc": 0.216,
            "acc_stderr": 0.01842190906141194,
            "acc_norm": 0.322,
            "acc_norm_stderr": 0.020916668330019882
        },
        "piqa": {
            "acc": 0.7078346028291621,
            "acc_stderr": 0.010610252174513661,
            "acc_norm": 0.705114254624592,
            "acc_norm_stderr": 0.010639030620156982
        },
        "prost": {
            "acc": 0.22683603757472245,
            "acc_stderr": 0.003059602302050251,
            "acc_norm": 0.26371690862510677,
            "acc_norm_stderr": 0.003219323004106053
        },
        "pubmedqa": {
            "acc": 0.616,
            "acc_stderr": 0.01538768276189707
        },
        "qnli": {
            "acc": 0.5072304594545122,
            "acc_stderr": 0.006764703129634549
        },
        "qqp": {
            "acc": 0.38211723967350975,
            "acc_stderr": 0.0024166004681771985,
            "f1": 0.5301408768597062,
            "f1_stderr": 0.002619199330934276
        },
        "race": {
            "acc": 0.3521531100478469,
            "acc_stderr": 0.014782629897202264
        },
        "rte": {
            "acc": 0.5631768953068592,
            "acc_stderr": 0.029855247390314945
        },
        "sciq": {
            "acc": 0.892,
            "acc_stderr": 0.009820001651345703,
            "acc_norm": 0.817,
            "acc_norm_stderr": 0.012233587399477823
        },
        "sst": {
            "acc": 0.49426605504587157,
            "acc_stderr": 0.01694073961990489
        },
        "triviaqa": {
            "acc": 0.041633518960487934,
            "acc_stderr": 0.0018780954895624524
        },
        "webqs": {
            "acc": 0.01673228346456693,
            "acc_stderr": 0.0028461549169432184
        },
        "wic": {
            "acc": 0.49843260188087773,
            "acc_stderr": 0.019810623954060382
        },
        "winogrande": {
            "acc": 0.5864246250986582,
            "acc_stderr": 0.013840971763195303
        },
        "wnli": {
            "acc": 0.4507042253521127,
            "acc_stderr": 0.05947027187737998
        },
        "wsc": {
            "acc": 0.375,
            "acc_stderr": 0.04770204856076104
        }
    },
    "versions": {
        "arc_challenge": 0,
        "arc_easy": 0,
        "boolq": 1,
        "copa": 0,
        "headqa": 0,
        "hellaswag": 0,
        "lambada": 0,
        "logiqa": 0,
        "mathqa": 0,
        "mc_taco": 0,
        "mrpc": 0,
        "multirc": 1,
        "openbookqa": 0,
        "piqa": 0,
        "prost": 0,
        "pubmedqa": 0,
        "qnli": 0,
        "qqp": 0,
        "race": 1,
        "rte": 0,
        "sciq": 0,
        "sst": 0,
        "triviaqa": 0,
        "webqs": 0,
        "wic": 0,
        "winogrande": 0,
        "wnli": 1,
        "wsc": 0
    }
}