{"pass@1": 0.03411585365853658, "pass@10": 0.10355342714569304, "pass@100": 0.20427664212871136}