{"pass@1": 0.06478658536585366, "pass@10": 0.09537740748119838, "pass@100": 0.12348600494571815}