{"pass@1": 0.04460365853658537, "pass@10": 0.11354616672373204, "pass@100": 0.1866822927112951}