{"pass@1": 0.023475609756097564, "pass@10": 0.06591235746713595, "pass@100": 0.12748827115496364}