{"pass@1": 0.04033536585365854, "pass@10": 0.06579071150715766, "pass@100": 0.08764228719065376}