{"pass@1": 0.031249999999999993, "pass@10": 0.07447701667197712, "pass@100": 0.1253791767704454}