{
    "results": {
        "arc_challenge": {
            "acc": 0.23464163822525597,
            "acc_stderr": 0.012383873560768673,
            "acc_norm": 0.26791808873720135,
            "acc_norm_stderr": 0.012942030195136423
        },
        "arc_easy": {
            "acc": 0.5631313131313131,
            "acc_stderr": 0.010177672928157678,
            "acc_norm": 0.4810606060606061,
            "acc_norm_stderr": 0.010252420496894487
        },
        "boolq": {
            "acc": 0.617737003058104,
            "acc_stderr": 0.008499149690449272
        },
        "copa": {
            "acc": 0.7,
            "acc_stderr": 0.046056618647183814
        },
        "headqa": {
            "acc": 0.25419401896425964,
            "acc_stderr": 0.008316509290190668,
            "acc_norm": 0.29576951130561635,
            "acc_norm_stderr": 0.008717251898361422
        },
        "hellaswag": {
            "acc": 0.37621987651862177,
            "acc_stderr": 0.004834461997944872,
            "acc_norm": 0.46564429396534557,
            "acc_norm_stderr": 0.004977988452502641
        },
        "lambada": {
            "ppl": 12.583447597222621,
            "ppl_stderr": 0.4021518609838198,
            "acc": 0.46322530564719583,
            "acc_stderr": 0.006947110835634445
        },
        "logiqa": {
            "acc": 0.21658986175115208,
            "acc_stderr": 0.016156860583178303,
            "acc_norm": 0.28110599078341014,
            "acc_norm_stderr": 0.017632374626460005
        },
        "mathqa": {
            "acc": 0.2489112227805695,
            "acc_stderr": 0.007915319798861361,
            "acc_norm": 0.2422110552763819,
            "acc_norm_stderr": 0.007842810183504986
        },
        "mc_taco": {
            "em": 0.12537537537537538,
            "f1": 0.4747075325110886
        },
        "mrpc": {
            "acc": 0.6813725490196079,
            "acc_stderr": 0.023095996571841474,
            "f1": 0.8104956268221574,
            "f1_stderr": 0.016329211455484924
        },
        "multirc": {
            "acc": 0.011542497376705142,
            "acc_stderr": 0.003461867320927179
        },
        "openbookqa": {
            "acc": 0.214,
            "acc_stderr": 0.01835979750238702,
            "acc_norm": 0.298,
            "acc_norm_stderr": 0.020475118092988978
        },
        "piqa": {
            "acc": 0.6871599564744287,
            "acc_stderr": 0.010817714425701112,
            "acc_norm": 0.7002176278563657,
            "acc_norm_stderr": 0.010689686967138092
        },
        "prost": {
            "acc": 0.23505550811272416,
            "acc_stderr": 0.0030979423271461875,
            "acc_norm": 0.2670260461144321,
            "acc_norm_stderr": 0.0032321702981822874
        },
        "pubmedqa": {
            "acc": 0.56,
            "acc_stderr": 0.015704987954361798
        },
        "qnli": {
            "acc": 0.4962474830679114,
            "acc_stderr": 0.006765220016415222
        },
        "qqp": {
            "acc": 0.3681424684640119,
            "acc_stderr": 0.0023986729832071816,
            "f1": 0.5381138352498734,
            "f1_stderr": 0.002555831569895799
        },
        "race": {
            "acc": 0.3320574162679426,
            "acc_stderr": 0.014575582129545914
        },
        "rte": {
            "acc": 0.5342960288808665,
            "acc_stderr": 0.030025579819366426
        },
        "sciq": {
            "acc": 0.853,
            "acc_stderr": 0.011203415395160335,
            "acc_norm": 0.771,
            "acc_norm_stderr": 0.013294199326613609
        },
        "sst": {
            "acc": 0.6823394495412844,
            "acc_stderr": 0.015775124845202545
        },
        "triviaqa": {
            "acc": 0.0313798285158667,
            "acc_stderr": 0.0016392014864795154
        },
        "webqs": {
            "acc": 0.012795275590551181,
            "acc_stderr": 0.0024938680596856277
        },
        "wic": {
            "acc": 0.5,
            "acc_stderr": 0.01981072129375818
        },
        "winogrande": {
            "acc": 0.5730071033938438,
            "acc_stderr": 0.013901878072575058
        },
        "wnli": {
            "acc": 0.43661971830985913,
            "acc_stderr": 0.0592793555841297
        },
        "wsc": {
            "acc": 0.36538461538461536,
            "acc_stderr": 0.0474473339327792
        }
    },
    "versions": {
        "arc_challenge": 0,
        "arc_easy": 0,
        "boolq": 1,
        "copa": 0,
        "headqa": 0,
        "hellaswag": 0,
        "lambada": 0,
        "logiqa": 0,
        "mathqa": 0,
        "mc_taco": 0,
        "mrpc": 0,
        "multirc": 1,
        "openbookqa": 0,
        "piqa": 0,
        "prost": 0,
        "pubmedqa": 0,
        "qnli": 0,
        "qqp": 0,
        "race": 1,
        "rte": 0,
        "sciq": 0,
        "sst": 0,
        "triviaqa": 0,
        "webqs": 0,
        "wic": 0,
        "winogrande": 0,
        "wnli": 1,
        "wsc": 0
    }
}