{"pass@1": 0.004573170731707317, "pass@10": 0.025074764360845308, "pass@100": 0.05906180468454194}