{"pass@1": 0.0064939024390243925, "pass@10": 0.030182658898012457, "pass@100": 0.06233670887015886}