{"pass@1": 0.00817073170731707, "pass@10": 0.020465171677199096, "pass@100": 0.024390015529347924}