{"pass@1": 3.0487804878048808e-05, "pass@10": 0.0003048780487804881, "pass@100": 0.003048780487804878}