{"pass@1": 0.12228658536585368, "pass@10": 0.30805813658531067, "pass@100": 0.5545431515723145}