{"pass@1": 0.14417682926829267, "pass@10": 0.3220367632383857, "pass@100": 0.5380466541797105}