{"pass@1": 0.15524390243902436, "pass@10": 0.25233297635811675, "pass@100": 0.31325799399147314}