{
  "results": {
    "lambada": {
      "ppl": 5.020137688328123,
      "ppl_stderr": 0.11575351197990837,
      "acc": 0.634193673588201,
      "acc_stderr": 0.006710403442216892
    },
    "winogrande": {
      "acc": 0.6471981057616417,
      "acc_stderr": 0.013429728101788954
    },
    "hellaswag": {
      "acc": 0.5416251742680741,
      "acc_stderr": 0.004972460206842306,
      "acc_norm": 0.7162915753833897,
      "acc_norm_stderr": 0.004498757194493409
    },
    "piqa": {
      "acc": 0.7769314472252449,
      "acc_stderr": 0.009713057213018522,
      "acc_norm": 0.7878128400435256,
      "acc_norm_stderr": 0.009539299828174046
    },
    "cola": {
      "mcc": 0.05586916675965605,
      "mcc_stderr": 0.034250689348891604
    },
    "mnli": {
      "acc": 0.3959246051961284,
      "acc_stderr": 0.004936609703575665
    },
    "mnli_mismatched": {
      "acc": 0.3984947111472742,
      "acc_stderr": 0.004937784794740595
    },
    "mrpc": {
      "acc": 0.6764705882352942,
      "acc_stderr": 0.023189113109403536,
      "f1": 0.8058823529411765,
      "f1_stderr": 0.016598529068410604
    },
    "rte": {
      "acc": 0.5234657039711191,
      "acc_stderr": 0.03006330041190266
    },
    "qnli": {
      "acc": 0.5171151382024529,
      "acc_stderr": 0.006761445834294947
    },
    "qqp": {
      "acc": 0.36772198862231015,
      "acc_stderr": 0.0023981002797098354,
      "f1": 0.532523819102829,
      "f1_stderr": 0.0025759259415034795
    },
    "sst": {
      "acc": 0.5137614678899083,
      "acc_stderr": 0.01693543564494107
    },
    "wnli": {
      "acc": 0.18309859154929578,
      "acc_stderr": 0.046225147349214284
    },
    "boolq": {
      "acc": 0.5868501529051988,
      "acc_stderr": 0.008612117547803569
    },
    "copa": {
      "acc": 0.88,
      "acc_stderr": 0.03265986323710906
    },
    "multirc": {
      "acc": 0.017838405036726127,
      "acc_stderr": 0.00428993794671089
    },
    "record": {
      "f1": 0.885354285714286,
      "f1_stderr": 0.00314773987203575,
      "em": 0.8783,
      "em_stderr": 0.003269553486028481
    },
    "wic": {
      "acc": 0.49843260188087773,
      "acc_stderr": 0.019810623954060382
    },
    "wsc": {
      "acc": 0.5,
      "acc_stderr": 0.04926646390821466
    },
    "prost": {
      "acc": 0.28047608881298036,
      "acc_stderr": 0.003282038627279345,
      "acc_norm": 0.2830380017079419,
      "acc_norm_stderr": 0.003291119066155946
    },
    "mc_taco": {
      "em": 0.12612612612612611,
      "f1": 0.4965489467730623
    },
    "pubmedqa": {
      "acc": 0.615,
      "acc_stderr": 0.015395194445410805
    },
    "sciq": {
      "acc": 0.895,
      "acc_stderr": 0.009698921026024957,
      "acc_norm": 0.815,
      "acc_norm_stderr": 0.012285191326386693
    },
    "triviaqa": {
      "acc": 0.13294440024750287,
      "acc_stderr": 0.0031921904944669202
    },
    "arc_easy": {
      "acc": 0.6813973063973064,
      "acc_stderr": 0.009560775507673364,
      "acc_norm": 0.6001683501683501,
      "acc_norm_stderr": 0.010051788039412911
    },
    "arc_challenge": {
      "acc": 0.3216723549488055,
      "acc_stderr": 0.013650488084494164,
      "acc_norm": 0.34215017064846415,
      "acc_norm_stderr": 0.013864152159177275
    },
    "logiqa": {
      "acc": 0.23195084485407066,
      "acc_stderr": 0.0165552524979259,
      "acc_norm": 0.2749615975422427,
      "acc_norm_stderr": 0.01751297178222522
    },
    "openbookqa": {
      "acc": 0.294,
      "acc_stderr": 0.020395095484936603,
      "acc_norm": 0.412,
      "acc_norm_stderr": 0.022033677993740865
    },
    "race": {
      "acc": 0.3741626794258373,
      "acc_stderr": 0.014976513181619648
    },
    "headqa": {
      "acc": 0.22283005105762219,
      "acc_stderr": 0.007948594863726302,
      "acc_norm": 0.26258205689277897,
      "acc_norm_stderr": 0.00840494460823324
    },
    "mathqa": {
      "acc": 0.2375209380234506,
      "acc_stderr": 0.0077905030438074,
      "acc_norm": 0.23450586264656617,
      "acc_norm_stderr": 0.007756188894243557
    },
    "webqs": {
      "acc": 0.0265748031496063,
      "acc_stderr": 0.003568875174120304
    },
    "wikitext": {
      "word_perplexity": 12.921754196505068,
      "byte_perplexity": 1.6136995247803747,
      "bits_per_byte": 0.4785293844744369
    }
  }
}